{"cameraMode":{"drawMode":0,"name":"Shaded","section":"Shading Mode"},"sceneLighting":true,"audioPlay":false,"sceneViewState":{"showFog":true,"showMaterialUpdate":false,"showSkybox":true,"showFlares":true,"showImageEffects":true,"showParticleSystems":true},"in2DMode":false,"pivot":{"x":36.739837646484378,"y":623.021728515625,"z":-525.88720703125},"rotation":{"x":0.27032580971717837,"y":0.03320734575390816,"z":-0.00932981539517641,"w":0.9621516466140747},"size":182.81301879882813,"orthographic":false}